{
  "batchnorm": false,
  "dropout": 0.06123802145214356,
  "hidden_feats": 128,
  "lr": 0.2716961444380682,
  "num_gnn_layers": 1,
  "residual": false
}