{
  "batchnorm": true,
  "dropout": 0.42882659131777784,
  "hidden_feats": 512,
  "lr": 0.2528916361774164,
  "num_gnn_layers": 2,
  "residual": false
}