{
  "batchnorm": false,
  "dropout": 0.12069005847538516,
  "hidden_feats": 64,
  "lr": 0.06803696751368886,
  "num_gnn_layers": 1,
  "residual": false
}