{
  "batchnorm": true,
  "dropout": 0.0766132263262276,
  "hidden_feats": 64,
  "lr": 0.1351826460436664,
  "num_gnn_layers": 5,
  "residual": false
}