{
  "batchnorm": true,
  "dropout": 0.024821561836014115,
  "hidden_feats": 128,
  "lr": 0.12146925522787647,
  "num_gnn_layers": 4,
  "residual": true
}