{
  "batchnorm": true,
  "dropout": 0.23169760782308801,
  "hidden_feats": 64,
  "lr": 0.21758276246955868,
  "num_gnn_layers": 4,
  "residual": false
}